38111,STH_LowScen1,STH_LowScen2,STH_LowScen3,STH_LowScen4,
38121,STH_HighScen1,STH_HighScen2,STH_HighScen3,STH_HighScen4,STH_HighScen5
38122,STH_ModScen1,STH_ModScen2,STH_ModScen3,STH_ModScen5,
38118,STH_ModScen1,STH_ModScen2,STH_ModScen3,STH_ModScen5,
38112,STH_ModScen1,STH_ModScen2,STH_ModScen3,STH_ModScen5,
38123,STH_ModScen1,STH_ModScen2,STH_ModScen3,STH_ModScen5,
38126,STH_ModScen1,STH_ModScen2,STH_ModScen3,STH_ModScen5,
38127,STH_ModScen1,STH_ModScen2,STH_ModScen3,STH_ModScen5,
38128,STH_LowScen1,STH_LowScen2,STH_LowScen3,STH_LowScen4,
38134,STH_HighScen1,STH_HighScen2,STH_HighScen3,STH_HighScen4,STH_HighScen5
38113,STH_ModScen1,STH_ModScen2,STH_ModScen3,STH_ModScen5,
38119,STH_LowScen1,STH_LowScen2,STH_LowScen3,STH_LowScen4,
38114,STH_ModScen1,STH_ModScen2,STH_ModScen3,STH_ModScen5,
38129,STH_ModScen1,STH_ModScen2,STH_ModScen3,STH_ModScen5,
38124,STH_ModScen1,STH_ModScen2,STH_ModScen3,STH_ModScen5,
38115,STH_ModScen1,STH_ModScen2,STH_ModScen3,STH_ModScen5,
38136,STH_HighScen1,STH_HighScen2,STH_HighScen3,STH_HighScen4,STH_HighScen5
38137,STH_HighScen1,STH_HighScen2,STH_HighScen3,STH_HighScen4,STH_HighScen5
38116,STH_ModScen1,STH_ModScen2,STH_ModScen3,STH_ModScen5,
38130,STH_HighScen1,STH_HighScen2,STH_HighScen3,STH_HighScen4,STH_HighScen5
38138,STH_ModScen1,STH_ModScen2,STH_ModScen3,STH_ModScen5,
38131,STH_ModScen1,STH_ModScen2,STH_ModScen3,STH_ModScen5,
38120,STH_LowScen1,STH_LowScen2,STH_LowScen3,STH_LowScen4,
38132,STH_HighScen1,STH_HighScen2,STH_HighScen3,STH_HighScen4,STH_HighScen5
38139,STH_HighScen1,STH_HighScen2,STH_HighScen3,STH_HighScen4,STH_HighScen5
38133,STH_ModScen1,STH_ModScen2,STH_ModScen3,STH_ModScen5,
38125,STH_HighScen1,STH_HighScen2,STH_HighScen3,STH_HighScen4,STH_HighScen5
38140,STH_ModScen1,STH_ModScen2,STH_ModScen3,STH_ModScen5,
38141,STH_HighScen1,STH_HighScen2,STH_HighScen3,STH_HighScen4,STH_HighScen5
38117,STH_LowScen1,STH_LowScen2,STH_LowScen3,STH_LowScen4,
