38121,SCH_ModScen1,SCH_ModScen2,SCH_ModScen3,
38126,SCH_LowScen1,SCH_LowScen2,SCH_LowScen3,SCH_LowScen4
38126,SCH_ModScen1,SCH_ModScen2,SCH_ModScen3,
38131,SCH_HighScen1,SCH_HighScen2,SCH_HighScen3,
38131,SCH_LowScen1,SCH_LowScen2,SCH_LowScen3,SCH_LowScen4
38132,SCH_ModScen1,SCH_ModScen2,SCH_ModScen3,
38111,SCH_ModScen1,SCH_ModScen2,SCH_ModScen3,
38112,SCH_LowScen1,SCH_LowScen2,SCH_LowScen3,SCH_LowScen4
38114,SCH_LowScen1,SCH_LowScen2,SCH_LowScen3,SCH_LowScen4
38116,SCH_ModScen1,SCH_ModScen2,SCH_ModScen3,
38134,SCH_LowScen1,SCH_LowScen2,SCH_LowScen3,SCH_LowScen4
38139,SCH_ModScen1,SCH_ModScen2,SCH_ModScen3,
38140,SCH_LowScen1,SCH_LowScen2,SCH_LowScen3,SCH_LowScen4
38118,SCH_ModScen1,SCH_ModScen2,SCH_ModScen3,
